query,clicks,impressions,position,ctr,click_opportunity,improvement_potential
заказ цветы алматы,6,51733,7.650165271683451,0.0001159801287379429,4273.185161844315,71219.75269740525
магазин цветов алматы,3,23561,5.071686261194347,0.00012732906073596197,1945.8891345604143,64862.971152013815
букеты цветов алматы,6,41658,6.490902107638389,0.00014402995823131211,3439.8139963294316,57330.233272157195
костанай,2,12619,15.246770742531105,0.00015849116411760045,1041.8025546037038,52090.12773018519
пандора браслет,3,16881,6.87240092411587,0.00017771459036786921,1393.341304720273,46444.71015734243
